{"cameraMode":{"drawMode":0,"name":"Shaded","section":"Shading Mode"},"sceneLighting":true,"audioPlay":false,"sceneViewState":{"showFog":false,"showMaterialUpdate":false,"showSkybox":false,"showFlares":false,"showImageEffects":false,"showParticleSystems":false},"in2DMode":false,"pivot":{"x":0.761096715927124,"y":0.2923154830932617,"z":1.5442748069763184},"rotation":{"x":-0.02427712455391884,"y":0.9751795530319214,"z":-0.17141452431678773,"w":-0.13812626898288728},"size":4.950255393981934,"orthographic":false}