{"cameraMode":{"drawMode":0,"name":"Shaded","section":"Shading Mode"},"sceneLighting":true,"audioPlay":false,"sceneViewState":{"showFog":false,"showMaterialUpdate":false,"showSkybox":false,"showFlares":false,"showImageEffects":false,"showParticleSystems":false},"in2DMode":false,"pivot":{"x":1.7593355178833008,"y":12.775063514709473,"z":18.372034072875978},"rotation":{"x":-0.25623229146003725,"y":-0.24211053550243379,"z":0.0664505586028099,"w":-0.9334543943405151},"size":30.587890625,"orthographic":false}