{"cameraMode":{"drawMode":0,"name":"Shaded","section":"Shading Mode"},"sceneLighting":true,"audioPlay":false,"sceneViewState":{"showFog":false,"showMaterialUpdate":false,"showSkybox":false,"showFlares":false,"showImageEffects":false,"showParticleSystems":false},"in2DMode":false,"pivot":{"x":-28.6685733795166,"y":-0.3685002326965332,"z":40.3111686706543},"rotation":{"x":0.4733535647392273,"y":0.0343376025557518,"z":-0.018473569303750993,"w":0.8800159692764282},"size":9.169434547424317,"orthographic":false}